p_val	avg_logFC	pct.1	pct.2	p_val_adj	cluster	gene
RORA	7.14090639657851e-233	1.56169501890027	0.875	0.001	8.55480586310105e-229	CD4+ Tcm	RORA
NELL2	1.0384061980406e-213	1.11334697699947	0.625	0	1.24401062525264e-209	CD4+ Tcm	NELL2
IL32	7.3756140244895e-183	3.21800449699033	1	0.005	8.83598560133842e-179	CD4+ Tcm	IL32
LEF1	2.5217862483847e-178	1.6372025511466	0.625	0.001	3.02109992556487e-174	CD4+ Tcm	LEF1
CD3D	1.19329758324314e-174	2.53556250305298	0.875	0.003	1.42957050472528e-170	CD4+ Tcm	CD3D
CD27	4.02105188301872e-153	1.58008322133531	0.625	0.001	4.81722015585642e-149	CD4+ Tcm	CD27
LINC00861	4.55177372517235e-137	1.33030075628899	0.5	0.001	5.45302492275647e-133	CD4+ Tcm	LINC00861
CD3G	1.81558944337327e-133	1.21253786936677	0.625	0.002	2.17507615316118e-129	CD4+ Tcm	CD3G
DPP4	7.3768172188501e-129	0.929655378456236	0.375	0	8.83742702818242e-125	CD4+ Tcm	DPP4
TC2N	1.2585350332433e-114	1.37774599716703	0.5	0.001	1.50772496982548e-110	CD4+ Tcm	TC2N
PRKCA	2.07795998212485e-114	0.97220962683165	0.5	0.001	2.48939605858557e-110	CD4+ Tcm	PRKCA
LCK	3.25709618867665e-110	1.78419305860808	0.75	0.005	3.90200123403462e-106	CD4+ Tcm	LCK
CD48	1.52871214280523e-99	2.41912118190869	1	0.013	1.83139714708067e-95	CD4+ Tcm	CD48
BCL11B	6.570622539816e-97	0.835412478100039	0.375	0.001	7.87160580269956e-93	CD4+ Tcm	BCL11B
P2RY10	9.56757630103465e-97	0.899409362997444	0.375	0.001	1.14619564086395e-92	CD4+ Tcm	P2RY10
CD3E	1.78738857460923e-96	2.11629636337047	0.75	0.006	2.14129151238185e-92	CD4+ Tcm	CD3E
CD6	9.57728924405199e-86	0.952577355923891	0.5	0.003	1.14735925143743e-81	CD4+ Tcm	CD6
TRAT1	5.39620724537171e-83	1.31497592213707	0.625	0.005	6.46465627995531e-79	CD4+ Tcm	TRAT1
TIAM1	7.37576218438972e-78	0.898015917968915	0.375	0.001	8.83616309689888e-74	CD4+ Tcm	TIAM1
NSG1	1.34572101163982e-77	0.838014774584621	0.375	0.001	1.6121737719445e-73	CD4+ Tcm	NSG1
GZMM	1.27548679833027e-76	1.12658860893182	0.5	0.003	1.52803318439966e-72	CD4+ Tcm	GZMM
SYNE2	3.81527325989433e-69	1.51461631243796	0.5	0.004	4.57069736535341e-65	CD4+ Tcm	SYNE2
CCR7	5.47715211676775e-65	1.258914483	0.375	0.002	6.56162823588776e-61	CD4+ Tcm	CCR7
KLRB1	6.9799314864946e-56	2.30845870214115	0.375	0.003	8.36195792082053e-52	CD4+ Tcm	KLRB1
IL23A	1.21356932619488e-53	1.06466977952505	0.5	0.006	1.45385605278147e-49	CD4+ Tcm	IL23A
TUBA4A	2.62635035348957e-53	1.48971618192918	0.5	0.006	3.1463677234805e-49	CD4+ Tcm	TUBA4A
CD2	8.66733531537791e-48	2.14809027408227	0.75	0.017	1.03834677078227e-43	CD4+ Tcm	CD2
LTB	5.52628160996526e-46	2.78993335509651	1	0.035	6.62048536873838e-42	CD4+ Tcm	LTB
GIMAP7	1.05182679472894e-36	1.11525584974351	0.5	0.01	1.26008850008528e-32	CD4+ Tcm	GIMAP7
UPP1	1.31246182808718e-29	1.37996075291301	0.5	0.013	1.57232927004844e-25	CD4+ Tcm	UPP1
CD52	1.00193896129898e-26	2.85090776866407	1	0.069	1.20032287563617e-22	CD4+ Tcm	CD52
LAT	1.17165606586389e-21	1.29926298698067	0.5	0.019	1.40364396690494e-17	CD4+ Tcm	LAT
CCL5	3.55222589431548e-20	1.27692364651913	0.375	0.011	4.25556662138995e-16	CD4+ Tcm	CCL5
IL10RA	3.97560389886647e-20	0.994470738680435	0.375	0.011	4.76277347084203e-16	CD4+ Tcm	IL10RA
CD7	1.55779277577728e-17	1.50119129064967	0.5	0.024	1.86623574538119e-13	CD4+ Tcm	CD7
FLT3LG	5.55630761966719e-15	1.48442444373185	0.5	0.029	6.65645652836129e-11	CD4+ Tcm	FLT3LG
MPZL3	3.81470821808165e-13	0.737916957027059	0.375	0.018	4.57002044526182e-09	CD4+ Tcm	MPZL3
NFKB2	1.85365308993404e-12	1.37543695746161	0.625	0.056	2.22067640174098e-08	CD4+ Tcm	NFKB2
CXCR4	1.87820891459579e-12	2.57903019845641	1	0.181	2.25009427968576e-08	CD4+ Tcm	CXCR4
CLEC2D	2.63946457105799e-12	0.7169496361849	0.375	0.019	3.16207855612748e-08	CD4+ Tcm	CLEC2D
TNFRSF14	5.6004010800442e-12	1.15181234282017	0.625	0.058	6.70928049389295e-08	CD4+ Tcm	TNFRSF14
SLC44A2	8.92594433276705e-11	0.67622932740395	0.375	0.023	1.06932813106549e-06	CD4+ Tcm	SLC44A2
LBH	1.98120487807635e-10	1.38829370569784	0.5	0.042	2.37348344393546e-06	CD4+ Tcm	LBH
LDLRAP1	2.02763143993262e-10	0.998610950179828	0.5	0.044	2.42910246503928e-06	CD4+ Tcm	LDLRAP1
MTFP1	2.79674189956364e-10	0.678453186917747	0.375	0.024	3.35049679567724e-06	CD4+ Tcm	MTFP1
IL7R	3.31227299037677e-10	2.10689237850222	1	0.237	3.96810304247137e-06	CD4+ Tcm	IL7R
PIK3IP1	5.64995342760449e-10	1.44797430782053	0.75	0.113	6.76864420627018e-06	CD4+ Tcm	PIK3IP1
SPOCK2	7.08953250399258e-10	1.17868725894144	0.625	0.073	8.49325993978311e-06	CD4+ Tcm	SPOCK2
TNFAIP3	8.51287054280637e-10	1.69202336487301	0.75	0.11	1.0198418910282e-05	CD4+ Tcm	TNFAIP3
CMTM8	1.53953729397404e-09	0.702919325163033	0.375	0.026	1.8443656781809e-05	CD4+ Tcm	CMTM8
CCDC167	1.72125683152547e-09	0.901940949705204	0.375	0.027	2.06206568416751e-05	CD4+ Tcm	CCDC167
DEF8	1.96416350896679e-09	0.893575226985028	0.5	0.048	2.35306788374222e-05	CD4+ Tcm	DEF8
DYNLT3	1.37323317354344e-08	1.07948839460749	0.625	0.084	0.000164513334190504	CD4+ Tcm	DYNLT3
RGS10	1.41977010376201e-08	1.26780560000694	0.75	0.127	0.000170088458430689	CD4+ Tcm	RGS10
EVL	1.89792434780531e-08	1.32558310073005	0.875	0.193	0.000227371336867076	CD4+ Tcm	EVL
AAK1	2.52019243406901e-08	1.13715638758211	0.875	0.195	0.000301919053601467	CD4+ Tcm	AAK1
ABHD14A	4.27502428201031e-08	0.942463749292437	0.625	0.089	0.000512147908984835	CD4+ Tcm	ABHD14A
ISG20	9.21914177401952e-08	1.80413522664668	0.625	0.098	0.00110445318452754	CD4+ Tcm	ISG20
ETS1	1.30956865974505e-07	1.08426603409768	0.75	0.139	0.00156886325437457	CD4+ Tcm	ETS1
OXNAD1	1.4715974811261e-07	1.27206662624061	0.375	0.035	0.00176297378238906	CD4+ Tcm	OXNAD1
RCAN3	4.05119161049341e-07	1.38011531357578	0.75	0.155	0.00485332754937111	CD4+ Tcm	RCAN3
BIRC3	4.39959503704286e-07	1.0060594711799	0.375	0.038	0.00527071485437734	CD4+ Tcm	BIRC3
RGL4	5.76897662098444e-07	0.700463831264952	0.375	0.037	0.00691123399193936	CD4+ Tcm	RGL4
ANKRD26	8.01967544429484e-07	1.04648356189188	0.625	0.109	0.00960757118226522	CD4+ Tcm	ANKRD26
AP3M2	9.27563493405857e-07	0.897608679067018	0.5	0.073	0.0111122106510022	CD4+ Tcm	AP3M2
MDFIC	1.21681540868857e-06	0.914503286400239	0.625	0.109	0.0145774485960891	CD4+ Tcm	MDFIC
BTG1	1.35599473791372e-06	1.79296934232459	1	0.737	0.0162448169602064	CD4+ Tcm	BTG1
TMSB4X	1.76716609527346e-06	1.27485333700811	1	0.988	0.021170649821376	CD4+ Tcm	TMSB4X
SRPK2	3.65048242399537e-06	1.00320600873758	0.625	0.118	0.0437327794394645	CD4+ Tcm	SRPK2
IL2RG	3.99854810855625e-06	0.996546934300785	1	0.367	0.0479026063405038	CD4+ Tcm	IL2RG
TXNIP	5.15580298947079e-06	1.74189636818255	1	0.577	0.0617665198138601	CD4+ Tcm	TXNIP
CALM1	6.26970053264997e-06	1.13808296548	1	0.801	0.0751110123811466	CD4+ Tcm	CALM1
HLA-E	6.41296970098812e-06	1.43422449223694	1	0.743	0.0768273770178377	CD4+ Tcm	HLA-E
B2M	6.51877697832613e-06	1.04718875082833	1	0.999	0.078094948200347	CD4+ Tcm	B2M
HLA-B	8.28121533790628e-06	0.944128060511607	1	0.974	0.0992089597481172	CD4+ Tcm	HLA-B
ARL4C	1.13203857226413e-05	1.60814799540239	0.5	0.084	0.135618220957243	CD4+ Tcm	ARL4C
ATM	1.20438554884624e-05	1.23322451286846	0.75	0.198	0.144285388751779	CD4+ Tcm	ATM
BCL2	1.20944120667781e-05	1.16341474515347	0.75	0.205	0.144891056560002	CD4+ Tcm	BCL2
HLA-A	1.29390511861247e-05	1.00171842396463	1	0.972	0.155009833209774	CD4+ Tcm	HLA-A
TMEM203	1.36366034964034e-05	1.11213967881519	0.5	0.084	0.163366509886912	CD4+ Tcm	TMEM203
GTPBP1	1.50615911034485e-05	0.833653211422041	0.625	0.131	0.180437861419313	CD4+ Tcm	GTPBP1
SAMHD1	1.58871884805384e-05	0.753216517930753	0.5	0.083	0.190328517996851	CD4+ Tcm	SAMHD1
ANKIB1	1.71637096214821e-05	0.901932504701332	0.5	0.091	0.205621241265355	CD4+ Tcm	ANKIB1
VAMP5	2.2105295418098e-05	0.767567640028091	0.5	0.086	0.264821439108814	CD4+ Tcm	VAMP5
PIM2	2.31851454313435e-05	0.97741259225098	0.5	0.087	0.277758042267495	CD4+ Tcm	PIM2
JUNB	2.88951880640012e-05	1.18523818408985	1	0.925	0.346164353006734	CD4+ Tcm	JUNB
ARID5B	2.99219073038497e-05	1.27564778934488	0.5	0.097	0.358464449500119	CD4+ Tcm	ARID5B
HLA-C	3.16951428457273e-05	1.07180438924016	1	0.951	0.379707811291813	CD4+ Tcm	HLA-C
SOCS3	3.21192057452601e-05	1.10217755063152	0.875	0.299	0.384788084828217	CD4+ Tcm	SOCS3
ZDHHC4	3.25121589865799e-05	0.867803243885178	0.75	0.214	0.389495664659227	CD4+ Tcm	ZDHHC4
FUS	4.5211528643591e-05	0.877537951765359	1	0.784	0.54163411315022	CD4+ Tcm	FUS
GPN2	5.72426174490662e-05	0.610579972506905	0.375	0.053	0.685766557039813	CD4+ Tcm	GPN2
EML4	6.33364752219259e-05	0.815112812804983	0.375	0.058	0.758770973158673	CD4+ Tcm	EML4
HERPUD2	8.61114892745826e-05	0.782754898274019	0.625	0.155	1	CD4+ Tcm	HERPUD2
ENO2	8.70066021163152e-05	0.760891604946465	0.375	0.059	1	CD4+ Tcm	ENO2
PAG1	9.4125693784522e-05	0.997751959490358	0.5	0.108	1	CD4+ Tcm	PAG1
NFKBIA	9.89165349558058e-05	1.22527449821347	1	0.803	1	CD4+ Tcm	NFKBIA
RGS14	0.000103181365937403	0.957767469876518	0.625	0.162	1	CD4+ Tcm	RGS14
SMG9	0.000112692670187397	0.624353873028751	0.375	0.057	1	CD4+ Tcm	SMG9
NOSIP	0.000126087369021504	1.58165506830878	0.75	0.329	1	CD4+ Tcm	NOSIP
ATP6V1G1	0.000138528273556014	0.624052891776892	1	0.798	1	CD4+ Tcm	ATP6V1G1
DDX5	0.00014333081784836	0.63083436382484	1	0.986	1	CD4+ Tcm	DDX5
ATP8B2	0.000148182097642982	0.624471490589031	0.375	0.059	1	CD4+ Tcm	ATP8B2
DDIT4	0.000149366369986738	1.38393765671257	0.5	0.107	1	CD4+ Tcm	DDIT4
PTPRC	0.000153140850134117	0.936114058977854	1	0.67	1	CD4+ Tcm	PTPRC
MTA2	0.000155089537384766	0.681047317036282	0.375	0.06	1	CD4+ Tcm	MTA2
PTPN4	0.000163566660961273	0.834266497939869	0.625	0.18	1	CD4+ Tcm	PTPN4
MYL12A	0.000174552555428064	0.884772903629217	1	0.885	1	CD4+ Tcm	MYL12A
MPHOSPH6	0.000202409827376478	0.984582545076373	0.5	0.115	1	CD4+ Tcm	MPHOSPH6
UBA52	0.000222874173942416	0.496788205661661	1	0.974	1	CD4+ Tcm	UBA52
NINJ1	0.000227721590139002	0.722778418904399	0.5	0.109	1	CD4+ Tcm	NINJ1
PNRC1	0.000240421390047168	0.870092933278909	1	0.885	1	CD4+ Tcm	PNRC1
STK17A	0.000244281446875069	1.09294038629762	0.625	0.174	1	CD4+ Tcm	STK17A
TOMM7	0.000245888212346132	0.888449684289788	1	0.911	1	CD4+ Tcm	TOMM7
PPP2R5C	0.000246474195234415	0.757690221318957	0.875	0.346	1	CD4+ Tcm	PPP2R5C
JUN	0.000252598202493337	1.51201022063318	1	0.81	1	CD4+ Tcm	JUN
ANKRD44	0.00027298819520621	0.971458254163379	0.625	0.176	1	CD4+ Tcm	ANKRD44
CCDC25	0.000305376582305807	0.803267364070946	0.5	0.121	1	CD4+ Tcm	CCDC25
RHOF	0.000315987722752543	0.833317352837645	0.75	0.258	1	CD4+ Tcm	RHOF
FADD	0.000381013995336006	0.727589668761012	0.375	0.071	1	CD4+ Tcm	FADD
FAM3C	0.000449076224150036	0.564226264307775	0.375	0.066	1	CD4+ Tcm	FAM3C
CHMP1B	0.000585897007847808	0.777644322293544	1	0.533	1	CD4+ Tcm	CHMP1B
EEF1A1	0.000641701387092154	0.331428241975483	1	0.999	1	CD4+ Tcm	EEF1A1
MALAT1	0.000685603095667302	0.515630134199995	1	1	1	CD4+ Tcm	MALAT1
TMSB10	0.00070149385347574	0.906756352678336	1	0.983	1	CD4+ Tcm	TMSB10
SMAP2	0.000703761540058945	0.719952472531979	0.75	0.294	1	CD4+ Tcm	SMAP2
S100A10	0.000717574243585756	0.660678924574076	1	0.487	1	CD4+ Tcm	S100A10
COTL1	0.000748817654319818	0.970373950230151	0.75	0.295	1	CD4+ Tcm	COTL1
ATF7IP	0.000755866208283514	1.11442872418718	0.5	0.138	1	CD4+ Tcm	ATF7IP
LIMD2	0.000814750299037603	1.01971045127696	1	0.647	1	CD4+ Tcm	LIMD2
PRKAG2	0.000830376353957673	0.886525819686371	0.375	0.075	1	CD4+ Tcm	PRKAG2
TNFAIP8	0.000869744496493027	0.714804859695262	0.375	0.079	1	CD4+ Tcm	TNFAIP8
IL4R	0.000896604593885074	0.596593120635464	0.375	0.072	1	CD4+ Tcm	IL4R
COX7C	0.000912666802144833	0.497273365671548	1	0.947	1	CD4+ Tcm	COX7C
MARCKSL1	0.000966316189512756	0.98216906606813	0.625	0.227	1	CD4+ Tcm	MARCKSL1
ZNF331	0.000978495547799175	0.881765608539726	0.375	0.079	1	CD4+ Tcm	ZNF331
SLC25A26	0.0010878894585947	0.985517879115375	0.5	0.149	1	CD4+ Tcm	SLC25A26
TSPAN17	0.00115867273150632	0.626492930588114	0.375	0.075	1	CD4+ Tcm	TSPAN17
SNHG15	0.00143682020660783	0.941031933283201	0.625	0.23	1	CD4+ Tcm	SNHG15
CCDC91	0.00157268687249225	0.821150810290129	0.625	0.245	1	CD4+ Tcm	CCDC91
PRKCH	0.00174406714962112	0.932115127290924	0.375	0.088	1	CD4+ Tcm	PRKCH
OARD1	0.00183191699626707	0.687159081219209	0.625	0.215	1	CD4+ Tcm	OARD1
SEPT1	0.00186349350614341	0.944795755985528	0.5	0.139	1	CD4+ Tcm	SEPT1
CCNH	0.00206795170478549	0.818963549787758	0.75	0.324	1	CD4+ Tcm	CCNH
CHD2	0.0021110456728399	0.662024601309831	0.875	0.491	1	CD4+ Tcm	CHD2
CHCHD7	0.00211182707773532	0.627073150674876	0.5	0.14	1	CD4+ Tcm	CHCHD7
LAPTM5	0.00228542901796537	0.57635327569561	1	0.871	1	CD4+ Tcm	LAPTM5
PLGRKT	0.00230841267641665	0.756470916213498	0.5	0.161	1	CD4+ Tcm	PLGRKT
S100A6	0.00246979585265457	0.664642819207563	1	0.584	1	CD4+ Tcm	S100A6
ATP9B	0.00252964126592696	0.708341090886868	0.375	0.091	1	CD4+ Tcm	ATP9B
CRBN	0.00254114593169518	0.844130304533345	0.75	0.382	1	CD4+ Tcm	CRBN
AKR1B1	0.00266830733368842	0.922661798535947	0.375	0.093	1	CD4+ Tcm	AKR1B1
GPR183	0.00291290264361241	0.877630689640882	0.375	0.091	1	CD4+ Tcm	GPR183
TSNAX	0.00300177061262762	0.73831887364106	0.5	0.166	1	CD4+ Tcm	TSNAX
EIF1	0.0031088260356224	0.322655651517165	1	0.999	1	CD4+ Tcm	EIF1
EHD4	0.00320148457907255	0.696480165460843	0.5	0.164	1	CD4+ Tcm	EHD4
BTG2	0.00332400798606454	0.849185139840793	0.875	0.511	1	CD4+ Tcm	BTG2
GSTK1	0.00332642414832201	0.908915712574838	0.75	0.426	1	CD4+ Tcm	GSTK1
CCDC88B	0.00339690317705681	0.646019111672921	0.375	0.093	1	CD4+ Tcm	CCDC88B
CCSER2	0.00347561158027435	0.973614482905992	0.5	0.178	1	CD4+ Tcm	CCSER2
CTSA	0.00356480332508451	0.569240731893208	0.75	0.308	1	CD4+ Tcm	CTSA
IVNS1ABP	0.00367305969224292	0.836820564746615	0.375	0.093	1	CD4+ Tcm	IVNS1ABP
DBF4	0.0038693823931813	0.565167138682791	0.5	0.151	1	CD4+ Tcm	DBF4
TCF7	0.00399849639709966	1.0097450370228	0.625	0.251	1	CD4+ Tcm	TCF7
GCC2	0.00449236475608418	0.655214514243917	0.875	0.459	1	CD4+ Tcm	GCC2
ACYP2	0.00473156105842159	0.592116362269142	0.5	0.158	1	CD4+ Tcm	ACYP2
LEPROTL1	0.00485694971771968	1.17163723382282	0.75	0.402	1	CD4+ Tcm	LEPROTL1
TMC8	0.00514216509426599	0.699526775203279	0.5	0.18	1	CD4+ Tcm	TMC8
CNBP	0.00542536809065345	0.510321530835754	1	0.756	1	CD4+ Tcm	CNBP
TRADD	0.00546830661491704	0.862481582383049	0.375	0.105	1	CD4+ Tcm	TRADD
ARHGAP26	0.00559926622790221	0.675472889358302	0.375	0.103	1	CD4+ Tcm	ARHGAP26
ZFP36L1	0.00607078624201586	0.851384112997636	0.5	0.169	1	CD4+ Tcm	ZFP36L1
SAMD9	0.00614871305348145	0.764831899975112	0.5	0.163	1	CD4+ Tcm	SAMD9
IRF1	0.00624646243930578	0.990689904413269	0.875	0.673	1	CD4+ Tcm	IRF1
MYLIP	0.00671234089187897	0.56237187735309	0.75	0.38	1	CD4+ Tcm	MYLIP
SOS1	0.00709953397666432	0.580037093679872	0.5	0.172	1	CD4+ Tcm	SOS1
STIM2	0.00723422135473205	0.673546095914547	0.375	0.106	1	CD4+ Tcm	STIM2
S100A11	0.00747479702990073	0.927683038785508	0.625	0.266	1	CD4+ Tcm	S100A11
EZR	0.00775254555249546	0.513781650544022	0.5	0.162	1	CD4+ Tcm	EZR
IL6ST	0.00819312913641034	0.555411955809885	0.375	0.099	1	CD4+ Tcm	IL6ST
RASA2	0.00821821600363867	0.668406159792422	0.375	0.11	1	CD4+ Tcm	RASA2
BBIP1	0.00851120265621951	0.689207651971942	0.375	0.111	1	CD4+ Tcm	BBIP1
FXYD5	0.00852357715557654	0.584361911217451	1	0.917	1	CD4+ Tcm	FXYD5
AIDA	0.00892140592984165	0.671926610659439	0.5	0.198	1	CD4+ Tcm	AIDA
PCSK7	0.00917351917578099	0.583551116708197	0.75	0.407	1	CD4+ Tcm	PCSK7
CRNKL1	0.00980336660050497	0.547686455579198	0.375	0.102	1	CD4+ Tcm	CRNKL1
GINS2	5.57466610142075e-103	0.831054106037652	0.5	0.021	6.67844998950205e-99	GMPs	GINS2
TYMS	6.76267310435126e-87	1.21916723535545	0.717	0.087	8.10168237901281e-83	GMPs	TYMS
CLSPN	9.74088538038796e-77	0.647557294581356	0.383	0.017	1.16695806857048e-72	GMPs	CLSPN
MCM2	2.15066782791112e-71	0.676282756912178	0.425	0.027	2.57650005783752e-67	GMPs	MCM2
FEN1	4.44266863829833e-70	0.570620841994774	0.375	0.019	5.3223170286814e-66	GMPs	FEN1
MCM6	1.16540728996821e-63	0.728396162344497	0.5	0.05	1.39615793338192e-59	GMPs	MCM6
HELLS	1.16040203250363e-61	0.943940855439787	0.65	0.101	1.39016163493935e-57	GMPs	HELLS
MCM4	2.45848610758607e-60	0.834810814071747	0.642	0.095	2.94526635688811e-56	GMPs	MCM4
PCNA	4.98662818961698e-60	0.94650218348391	0.617	0.096	5.97398057116115e-56	GMPs	PCNA
CHAF1A	2.86359449552941e-55	0.687795100642433	0.533	0.068	3.43058620564424e-51	GMPs	CHAF1A
CDCA7	5.9203910605019e-53	0.686542652408897	0.617	0.098	7.09262849048128e-49	GMPs	CDCA7
CDT1	6.43692677174133e-53	0.779081352145496	0.658	0.115	7.71143827254612e-49	GMPs	CDT1
RMI2	9.22927386904476e-52	0.44917199821649	0.283	0.015	1.10566700951156e-47	GMPs	RMI2
TUBA1B	1.45482927584287e-49	1.1347643073919	1	0.84	1.74288547245976e-45	GMPs	TUBA1B
MCM3	1.56840962152306e-49	0.844893243443984	0.683	0.144	1.87895472658462e-45	GMPs	MCM3
CENPK	3.0069738268358e-49	0.649233542171306	0.442	0.052	3.60235464454928e-45	GMPs	CENPK
E2F1	4.65680028720999e-49	0.422277665432321	0.283	0.017	5.57884674407756e-45	GMPs	E2F1
CHEK1	2.22135377639828e-48	0.650969538486933	0.533	0.078	2.66118182412514e-44	GMPs	CHEK1
DNMT1	8.4338113991754e-43	0.889269368505101	0.792	0.239	1.01037060562121e-38	GMPs	DNMT1
MCM7	2.93344614213412e-38	0.612658180344981	0.592	0.123	3.51426847827668e-34	GMPs	MCM7
CENPU	8.34832894855612e-37	0.636568402143334	0.45	0.076	1.00012980803702e-32	GMPs	CENPU
RANBP1	5.05969453687649e-36	0.906364274285543	0.958	0.56	6.06151405517804e-32	GMPs	RANBP1
NPW	5.0172605865737e-35	0.838058005570384	0.642	0.163	6.01067818271529e-31	GMPs	NPW
MCM5	1.40106537988678e-34	0.665401406162098	0.625	0.156	1.67847632510436e-30	GMPs	MCM5
DNAJC9	4.4054701674099e-34	0.713424614311355	0.608	0.155	5.27775326055706e-30	GMPs	DNAJC9
STMN1	6.02959292320056e-34	0.920938822611572	0.975	0.644	7.22345232199427e-30	GMPs	STMN1
H2AFZ	1.62556911748882e-33	0.877649709919825	0.975	0.732	1.9474318027516e-29	GMPs	H2AFZ
PTMA	8.97038673868439e-33	0.44192810708613	1	0.986	1.07465233129439e-28	GMPs	PTMA
SRM	2.2317688444666e-32	0.728385617813426	0.767	0.252	2.67365907567099e-28	GMPs	SRM
FABP5	1.892284890594e-31	0.848946978695998	0.933	0.492	2.26695729893162e-27	GMPs	FABP5
YBX1	2.51883259743388e-31	0.554824920927115	1	0.961	3.01756145172578e-27	GMPs	YBX1
NME1	4.17155674921564e-30	0.84223813498471	0.75	0.27	4.99752498556034e-26	GMPs	NME1
RFC4	2.26080577432149e-29	0.422716744950058	0.342	0.052	2.70844531763714e-25	GMPs	RFC4
ATAD5	2.23029429359371e-28	0.529492310647384	0.417	0.083	2.67189256372527e-24	GMPs	ATAD5
CDK4	4.00679873984587e-28	0.733349657544796	0.775	0.304	4.80014489033535e-24	GMPs	CDK4
PRIM1	7.24052290681308e-27	0.619496037054199	0.475	0.114	8.67414644236207e-23	GMPs	PRIM1
CENPH	9.23331391427185e-27	0.460461588153168	0.383	0.073	1.10615100692977e-22	GMPs	CENPH
PAICS	3.05825349865943e-26	0.662268480896872	0.675	0.234	3.663787691394e-22	GMPs	PAICS
MTHFD1L	3.78331746352751e-26	0.408928840186037	0.292	0.043	4.53241432130595e-22	GMPs	MTHFD1L
CKS1B	2.19721806349054e-25	0.582053161797887	0.492	0.13	2.63226724006167e-21	GMPs	CKS1B
HMGN2	7.50789724569159e-25	0.582672369678549	0.983	0.825	8.99446090033853e-21	GMPs	HMGN2
DEK	2.1902017142996e-24	0.648323389259634	0.958	0.678	2.62386165373092e-20	GMPs	DEK
GMNN	2.95197929802719e-24	0.423648559937233	0.358	0.07	3.53647119903658e-20	GMPs	GMNN
EIF4EBP1	2.9760733800003e-24	0.610058522448111	0.758	0.301	3.56533590924036e-20	GMPs	EIF4EBP1
PRKDC	4.52088144849312e-24	0.691630705666363	0.808	0.342	5.41601597529475e-20	GMPs	PRKDC
RAN	5.95884533804639e-24	0.617454499905008	0.967	0.699	7.13869671497958e-20	GMPs	RAN
SNRPB	6.42230786574408e-24	0.616354770304765	0.942	0.658	7.69392482316141e-20	GMPs	SNRPB
DCTPP1	2.07397158429833e-23	0.641313949655311	0.617	0.211	2.4846179579894e-19	GMPs	DCTPP1
NCL	3.52348085882227e-23	0.587338791289585	0.983	0.85	4.22113006886908e-19	GMPs	NCL
DNPH1	7.67321151776052e-23	0.466832482080156	0.408	0.093	9.1925073982771e-19	GMPs	DNPH1
SMC2	3.4432448394572e-22	0.47707553734105	0.433	0.107	4.12500731766972e-18	GMPs	SMC2
UNG	4.18634304698886e-22	0.46302909713068	0.267	0.044	5.01523897029265e-18	GMPs	UNG
RNASEH2A	4.40971667919432e-22	0.481298062226619	0.467	0.123	5.28284058167479e-18	GMPs	RNASEH2A
PPIA	5.06878481196416e-22	0.47906163433915	0.992	0.918	6.07240420473306e-18	GMPs	PPIA
LIG1	5.55462785822206e-22	0.453934082896399	0.325	0.066	6.65444417415003e-18	GMPs	LIG1
GAPDH	8.85745041509591e-22	0.31918429238167	1	0.992	1.06112255972849e-17	GMPs	GAPDH
PA2G4	1.14506537033425e-21	0.651100708801617	0.933	0.6	1.37178831366043e-17	GMPs	PA2G4
PRDX4	3.97861797770025e-21	0.383629570783484	0.308	0.06	4.7663843372849e-17	GMPs	PRDX4
TMPO	1.53224617476259e-20	0.469543138513954	0.658	0.218	1.83563091736558e-16	GMPs	TMPO
ENO1	2.8959050490516e-20	0.477058278991908	1	0.915	3.46929424876382e-16	GMPs	ENO1
TPI1	3.01309861980618e-20	0.592216730696923	0.933	0.687	3.60969214652781e-16	GMPs	TPI1
NASP	9.251163663519e-20	0.59110157820445	0.875	0.485	1.10828940688958e-15	GMPs	NASP
HSPE1	9.66333126805252e-20	0.7299601282423	0.817	0.465	1.15766708591269e-15	GMPs	HSPE1
DUT	1.84622407676091e-19	0.647718624557295	0.942	0.628	2.21177644395958e-15	GMPs	DUT
COX5A	2.3899722073388e-19	0.503042986740904	1	0.735	2.86318670439188e-15	GMPs	COX5A
MIF	5.29514829149361e-19	0.606963963400686	0.842	0.466	6.34358765320935e-15	GMPs	MIF
PSME2	6.64535337371986e-19	0.672062500892604	0.808	0.44	7.96113334171639e-15	GMPs	PSME2
NHP2	8.11295877871122e-19	0.580188358363622	0.875	0.476	9.71932461689604e-15	GMPs	NHP2
VRK1	2.83012497586708e-18	0.456024119011295	0.5	0.156	3.39048972108876e-14	GMPs	VRK1
HMGA1	5.37327140898355e-18	0.604145449859161	0.85	0.488	6.43717914796229e-14	GMPs	HMGA1
TFDP1	7.0948599554623e-18	0.480425897952535	0.55	0.194	8.49964222664383e-14	GMPs	TFDP1
PFN1	7.2457240661099e-18	0.38045633107499	1	0.958	8.68037743119966e-14	GMPs	PFN1
POLD2	9.84016422977889e-18	0.508523817162353	0.625	0.244	1.17885167472751e-13	GMPs	POLD2
CALR	1.31996143856746e-17	0.58949337478388	0.967	0.734	1.58131380340382e-13	GMPs	CALR
KLHL23	1.58241697414162e-17	0.367766946681938	0.375	0.098	1.89573553502167e-13	GMPs	KLHL23
TOMM40	3.46172950919492e-17	0.442003953600889	0.583	0.21	4.14715195201552e-13	GMPs	TOMM40
MRPL12	5.35193669910939e-17	0.485908459989518	0.592	0.225	6.41162016553305e-13	GMPs	MRPL12
DTYMK	5.50103170168335e-17	0.404690946685694	0.433	0.126	6.59023597861665e-13	GMPs	DTYMK
MINOS1	1.74320302124244e-16	0.502713813771765	0.892	0.515	2.08835721944844e-12	GMPs	MINOS1
C1QBP	1.76576565678147e-16	0.509861611849498	0.917	0.639	2.1153872568242e-12	GMPs	C1QBP
FKBP4	2.66785102821481e-16	0.429874881856787	0.433	0.135	3.19608553180134e-12	GMPs	FKBP4
GCSH	4.30056288707528e-16	0.49785639244031	0.567	0.223	5.15207433871618e-12	GMPs	GCSH
PGAM1	4.56428733971428e-16	0.508542560950922	0.758	0.363	5.46801623297771e-12	GMPs	PGAM1
GSTP1	6.67154412069868e-16	0.405140265295397	1	0.877	7.99250985659702e-12	GMPs	GSTP1
CLN6	7.591516114588e-16	0.304047504591307	0.35	0.092	9.09463630527642e-12	GMPs	CLN6
PHGDH	8.58549199908976e-16	0.376881965479197	0.442	0.139	1.02854194149095e-11	GMPs	PHGDH
CYCS	9.50254783407629e-16	0.493078697394857	0.908	0.555	1.13840523052234e-11	GMPs	CYCS
MRPL24	1.03855780655879e-15	0.402820477183985	0.492	0.163	1.24419225225743e-11	GMPs	MRPL24
PSMA7	1.38224725131928e-15	0.435105025181471	0.95	0.752	1.6559322070805e-11	GMPs	PSMA7
PXMP2	1.42237774821559e-15	0.477865995180294	0.483	0.175	1.70400854236228e-11	GMPs	PXMP2
CENPW	1.59160841477542e-15	0.370807569673536	0.4	0.119	1.90674688090095e-11	GMPs	CENPW
USP1	1.91653894645556e-15	0.509218131979187	0.683	0.312	2.29601365785376e-11	GMPs	USP1
HSP90AA1	2.12365473025996e-15	0.346958558699539	0.992	0.969	2.54413836685143e-11	GMPs	HSP90AA1
MAD2L1	2.1961401504953e-15	0.325730158126316	0.308	0.076	2.63097590029337e-11	GMPs	MAD2L1
TOPBP1	3.29899982670632e-15	0.393828572752487	0.458	0.147	3.95220179239418e-11	GMPs	TOPBP1
TUBB	4.12645462319045e-15	0.623970588188377	0.917	0.649	4.94349263858216e-11	GMPs	TUBB
MACROD1	6.17884493347908e-15	0.2909623198693	0.308	0.078	7.40225623030794e-11	GMPs	MACROD1
GADD45GIP1	7.99141034846623e-15	0.476063592705567	0.858	0.517	9.57370959746254e-11	GMPs	GADD45GIP1
HNRNPAB	9.06402266641292e-15	0.520492286888581	0.833	0.458	1.08586991543627e-10	GMPs	HNRNPAB
C19orf48	9.41938523325748e-15	0.456150861529626	0.625	0.259	1.12844235094425e-10	GMPs	C19orf48
HPRT1	1.37834161228694e-14	0.472024858921815	0.733	0.374	1.65125325151975e-10	GMPs	HPRT1
EXOSC5	1.61150367568026e-14	0.388153926206011	0.417	0.137	1.93058140346495e-10	GMPs	EXOSC5
UQCC2	2.45029039882335e-14	0.373610547270667	0.392	0.121	2.93544789779038e-10	GMPs	UQCC2
NDUFS6	2.51786190227316e-14	0.503595149564088	0.85	0.474	3.01639855892325e-10	GMPs	NDUFS6
NOP16	2.57031374702058e-14	0.368009894266815	0.383	0.118	3.07923586893066e-10	GMPs	NOP16
NME4	3.518954058526e-14	0.535638286527564	0.717	0.365	4.21570696211415e-10	GMPs	NME4
COLGALT1	4.11019220298186e-14	0.352701992383254	0.317	0.087	4.92401025917227e-10	GMPs	COLGALT1
EXOSC9	6.83385887627189e-14	0.296431749462812	0.392	0.119	8.18696293377373e-10	GMPs	EXOSC9
DDX21	8.24466090183999e-14	0.445384795220518	0.917	0.61	9.87710376040431e-10	GMPs	DDX21
GNL3	1.36140988623589e-13	0.366174309235982	0.558	0.218	1.6309690437106e-09	GMPs	GNL3
GTF3A	1.60996934579924e-13	0.396895934559218	0.958	0.739	1.92874327626749e-09	GMPs	GTF3A
PSME3	1.73373310624569e-13	0.269387623798573	0.358	0.104	2.07701226128234e-09	GMPs	PSME3
NOLC1	1.76451913357852e-13	0.402314322398577	0.5	0.198	2.11389392202707e-09	GMPs	NOLC1
MTHFD1	2.52508615551819e-13	0.333685690241499	0.35	0.109	3.02505321431079e-09	GMPs	MTHFD1
LMNB1	2.59556613516955e-13	0.296371009814724	0.367	0.111	3.10948822993313e-09	GMPs	LMNB1
POLE4	2.62766752503224e-13	0.37867502129363	0.433	0.15	3.14794569498863e-09	GMPs	POLE4
PPM1G	3.39872096325615e-13	0.413173208144959	0.742	0.381	4.07166771398087e-09	GMPs	PPM1G
NOP56	3.63108021159302e-13	0.453384052354219	0.767	0.399	4.35003409348843e-09	GMPs	NOP56
ALDOA	4.58405431741216e-13	0.329241540670085	0.992	0.927	5.49169707225977e-09	GMPs	ALDOA
TOMM5	5.26142294161908e-13	0.359483582918666	0.467	0.171	6.30318468405966e-09	GMPs	TOMM5
HIRIP3	6.83122442333474e-13	0.270307739791923	0.267	0.069	8.18380685915502e-09	GMPs	HIRIP3
PRDX1	8.59818635528044e-13	0.466635473380167	0.917	0.635	1.0300627253626e-08	GMPs	PRDX1
ISOC2	1.07816447564354e-12	0.315062378929311	0.325	0.098	1.29164104182096e-08	GMPs	ISOC2
BCCIP	1.09438416809638e-12	0.28720728188899	0.567	0.207	1.31107223337946e-08	GMPs	BCCIP
IFRD2	1.11179843086258e-12	0.343458077639863	0.392	0.13	1.33193452017337e-08	GMPs	IFRD2
ADAM15	1.17306714054641e-12	0.275718827889074	0.308	0.087	1.4053344343746e-08	GMPs	ADAM15
CBX1	1.29426555432585e-12	0.362702889871984	0.317	0.096	1.55053013408237e-08	GMPs	CBX1
DHFR	1.61657637804058e-12	0.461254615882927	0.408	0.148	1.93665850089261e-08	GMPs	DHFR
UQCRQ	1.66653936012227e-12	0.458494560955869	0.883	0.603	1.99651415342648e-08	GMPs	UQCRQ
GAR1	1.81593436196875e-12	0.34518535456539	0.458	0.168	2.17548936563856e-08	GMPs	GAR1
CYB5A	1.98386892293965e-12	0.30770872882888	0.358	0.113	2.37667496968171e-08	GMPs	CYB5A
PARP1	2.09546914092429e-12	0.40408069573907	0.858	0.526	2.5103720308273e-08	GMPs	PARP1
SNRPD1	2.20802872617154e-12	0.419522946685331	0.892	0.668	2.64521841395351e-08	GMPs	SNRPD1
PHPT1	2.35837240768234e-12	0.450065491355503	0.767	0.397	2.82533014440344e-08	GMPs	PHPT1
GGH	2.39130903887054e-12	0.286387360722728	0.483	0.178	2.8647882285669e-08	GMPs	GGH
COMMD4	2.4524556500872e-12	0.31413157034484	0.267	0.072	2.93804186880446e-08	GMPs	COMMD4
PRDX2	2.74599547099455e-12	0.454645710211088	0.875	0.594	3.28970257425148e-08	GMPs	PRDX2
TIMM23	3.01618268434648e-12	0.276293059821415	0.333	0.101	3.61338685584708e-08	GMPs	TIMM23
POLE3	3.69749291204906e-12	0.359101056468676	0.525	0.203	4.42959650863478e-08	GMPs	POLE3
PPA1	3.80330903194715e-12	0.410167185917608	0.942	0.672	4.55636422027269e-08	GMPs	PPA1
TXN	4.06116735929535e-12	0.330345738038761	1	0.906	4.86527849643582e-08	GMPs	TXN
ANAPC11	4.84473515485992e-12	0.409293125714063	0.808	0.508	5.80399271552218e-08	GMPs	ANAPC11
IDH2	6.16593347673044e-12	0.433230818286108	0.808	0.489	7.38678830512306e-08	GMPs	IDH2
NDUFAF2	6.47556097402723e-12	0.329789079256286	0.375	0.126	7.75772204688462e-08	GMPs	NDUFAF2
SLC25A5	6.52048748082601e-12	0.37740304554244	0.958	0.819	7.81154400202956e-08	GMPs	SLC25A5
HSPD1	6.70685002051818e-12	0.438499921164115	0.933	0.677	8.03480632458078e-08	GMPs	HSPD1
RUVBL1	6.91122057849388e-12	0.342706426996881	0.367	0.126	8.27964225303566e-08	GMPs	RUVBL1
NT5DC2	7.14078444749933e-12	0.292604443161349	0.308	0.094	8.55465976810419e-08	GMPs	NT5DC2
PDIA6	7.1511827810151e-12	0.415861971247389	0.858	0.552	8.56711697165608e-08	GMPs	PDIA6
RNASEH2C	7.49343848107798e-12	0.421331682073185	0.775	0.395	8.97713930033142e-08	GMPs	RNASEH2C
BRI3BP	7.79220660199981e-12	0.369671887750904	0.492	0.19	9.33506350919577e-08	GMPs	BRI3BP
PGP	8.13298916297357e-12	0.30699298252196	0.292	0.087	9.74332101724233e-08	GMPs	PGP
POLD3	8.49390959695003e-12	0.391879617801707	0.333	0.11	1.01757036971461e-07	GMPs	POLD3
CHCHD2	9.11711526635003e-12	0.274118706432566	1	0.944	1.09223040890873e-07	GMPs	CHCHD2
SRSF2	9.73616698186667e-12	0.360649786692256	0.975	0.813	1.16639280442763e-07	GMPs	SRSF2
PPIH	1.0183902496724e-11	0.344637264930806	0.458	0.175	1.22003151910753e-07	GMPs	PPIH
RFC2	1.03727017984157e-11	0.360530010224556	0.4	0.143	1.24264967545021e-07	GMPs	RFC2
SIVA1	1.08014954938095e-11	0.439852701660353	0.783	0.429	1.29401916015838e-07	GMPs	SIVA1
HSPA8	1.15616068725362e-11	0.328848897924268	1	0.933	1.38508050332984e-07	GMPs	HSPA8
COA4	1.46366536739932e-11	0.389785395867165	0.717	0.365	1.75347111014439e-07	GMPs	COA4
MGST1	1.89611486719022e-11	0.422725824564979	0.975	0.747	2.27154561089388e-07	GMPs	MGST1
HSP90AB1	2.27025355447672e-11	0.328978369893771	1	0.931	2.71976375826311e-07	GMPs	HSP90AB1
AIF1	2.50428964748057e-11	0.312413587277042	1	0.903	3.00013899768172e-07	GMPs	AIF1
COX6C	2.5232734727833e-11	0.349291209623623	0.983	0.844	3.02288162039439e-07	GMPs	COX6C
PGRMC1	2.53303245969362e-11	0.271153375468428	0.408	0.141	3.03457288671295e-07	GMPs	PGRMC1
SNRPE	2.71184141255629e-11	0.360620275425439	0.975	0.8	3.24878601224244e-07	GMPs	SNRPE
ERH	3.00176081236399e-11	0.437451226140086	0.858	0.606	3.59610945321206e-07	GMPs	ERH
NOP58	3.08053598408852e-11	0.388929589115563	0.733	0.352	3.69048210893805e-07	GMPs	NOP58
RRM1	3.0967108912969e-11	0.278170379678516	0.283	0.085	3.70985964777369e-07	GMPs	RRM1
SNRPG	3.24368480253061e-11	0.406806870136927	0.883	0.589	3.88593439343167e-07	GMPs	SNRPG
HMGB2	3.55139866580808e-11	0.435301964339178	0.908	0.676	4.25457560163808e-07	GMPs	HMGB2
MRPL11	4.21038723175434e-11	0.366666830694267	0.667	0.317	5.04404390364171e-07	GMPs	MRPL11
ODC1	4.52112693246803e-11	0.384744618357825	0.517	0.223	5.4163100650967e-07	GMPs	ODC1
MRPL14	4.52772553846605e-11	0.307023610987698	0.475	0.186	5.42421519508232e-07	GMPs	MRPL14
CMSS1	6.3883359113753e-11	0.272033034623749	0.325	0.107	7.6532264218276e-07	GMPs	CMSS1
GGCT	6.8301328537367e-11	0.360419168333581	0.675	0.312	8.18249915877657e-07	GMPs	GGCT
QDPR	7.15208161688552e-11	0.307514524626277	0.442	0.166	8.56819377702885e-07	GMPs	QDPR
BANF1	7.18108794982974e-11	0.397059362525779	0.792	0.54	8.60294336389603e-07	GMPs	BANF1
TMEM109	7.44834930126121e-11	0.311531390834734	0.342	0.118	8.92312246291093e-07	GMPs	TMEM109
BAZ1B	7.45048197161117e-11	0.358961333399647	0.6	0.269	8.92567740199019e-07	GMPs	BAZ1B
RABL6	1.01958292369093e-10	0.312341915583365	0.6	0.26	1.22146034258173e-06	GMPs	RABL6
CYC1	1.05739287636965e-10	0.400879521619621	0.767	0.444	1.26675666589084e-06	GMPs	CYC1
LSM4	1.08319299981803e-10	0.404278333721721	0.733	0.446	1.29766521378199e-06	GMPs	LSM4
PRELID1	1.1293564993925e-10	0.381109394533788	0.817	0.521	1.35296908627221e-06	GMPs	PRELID1
SMIM4	1.27822798550984e-10	0.314202797740439	0.475	0.196	1.53131712664079e-06	GMPs	SMIM4
MAGOHB	1.29407724542608e-10	0.341273194813682	0.358	0.129	1.55030454002045e-06	GMPs	MAGOHB
MRPS12	1.5514287258919e-10	0.332150019493173	0.567	0.246	1.85861161361849e-06	GMPs	MRPS12
WDR34	1.99142305380668e-10	0.284729825059163	0.442	0.17	2.3857248184604e-06	GMPs	WDR34
COX7B	2.31217020097445e-10	0.356442375920205	0.942	0.691	2.76997990076739e-06	GMPs	COX7B
TMED3	2.39148637032558e-10	0.300999296739882	0.458	0.186	2.86500067165005e-06	GMPs	TMED3
ARL2	2.59962244281798e-10	0.290428858664533	0.383	0.141	3.11434768649594e-06	GMPs	ARL2
PKM	2.6020887737573e-10	0.36829200889693	0.933	0.662	3.11730235096125e-06	GMPs	PKM
SLC2A4RG	2.79427800713854e-10	0.318603309237175	0.467	0.191	3.34754505255197e-06	GMPs	SLC2A4RG
PEBP1	3.17146766998008e-10	0.300731183435594	0.967	0.85	3.79941826863614e-06	GMPs	PEBP1
COTL11	3.24065385344537e-10	0.36058763226756	0.583	0.273	3.88230331642755e-06	GMPs	COTL1
ATIC	3.46220822729985e-10	0.275413336089542	0.275	0.086	4.14772545630522e-06	GMPs	ATIC
EBNA1BP2	3.55760405687211e-10	0.373612586361213	0.583	0.277	4.26200966013279e-06	GMPs	EBNA1BP2
CENPV	4.01450241562785e-10	0.334226978624267	0.317	0.111	4.80937389392216e-06	GMPs	CENPV
SMC3	4.12811286889679e-10	0.365950667076554	0.783	0.473	4.94547921693835e-06	GMPs	SMC3
HMGB3	4.74490747909389e-10	0.268389566676255	0.325	0.112	5.68439915995449e-06	GMPs	HMGB3
HMGB1	4.90879162618499e-10	0.273989245180516	1	0.942	5.88073236816962e-06	GMPs	HMGB1
EEF1B2	5.16845847467306e-10	0.262667824947384	1	0.97	6.19181325265832e-06	GMPs	EEF1B2
KNOP1	5.52154103753613e-10	0.294995059341021	0.308	0.105	6.61480616296828e-06	GMPs	KNOP1
SET	6.87405026219959e-10	0.288228115722586	1	0.864	8.23511221411511e-06	GMPs	SET
NAA10	6.88608213668216e-10	0.393440069854579	0.65	0.324	8.24952639974522e-06	GMPs	NAA10
IGFBP7	7.83607269505339e-10	0.330104620068847	0.917	0.67	9.38761508867397e-06	GMPs	IGFBP7
POLR2I	9.76832934709492e-10	0.392923903311901	0.675	0.356	1.17024585578197e-05	GMPs	POLR2I
MRPS26	1.01792453529814e-09	0.314091275274074	0.508	0.221	1.21947359328717e-05	GMPs	MRPS26
MRTO4	1.02400692428896e-09	0.257594108805557	0.358	0.13	1.22676029529818e-05	GMPs	MRTO4
CCT6A	1.17861791579115e-09	0.408584644251641	0.792	0.531	1.41198426311779e-05	GMPs	CCT6A
ACTL6A	1.31619049946699e-09	0.265211213703499	0.258	0.081	1.57679621836146e-05	GMPs	ACTL6A
CBX5	1.36555663356802e-09	0.367281596530456	0.55	0.272	1.63593684701448e-05	GMPs	CBX5
AP2S1	1.42372220607304e-09	0.35554261790889	0.758	0.485	1.7056192028755e-05	GMPs	AP2S1
PDCD5	1.45032242905011e-09	0.359265200621594	0.692	0.388	1.73748627000203e-05	GMPs	PDCD5
PMVK	1.6022730142614e-09	0.352690812507038	0.442	0.195	1.91952307108516e-05	GMPs	PMVK
HNRNPR	1.87207059383229e-09	0.340146017670252	0.85	0.56	2.24274057141108e-05	GMPs	HNRNPR
NDUFAB1	2.09812968314346e-09	0.338511609899175	0.733	0.431	2.51355936040586e-05	GMPs	NDUFAB1
SVIP	2.49879444681769e-09	0.370975589723692	0.7	0.378	2.99355574728759e-05	GMPs	SVIP
AHSA1	2.50389448362895e-09	0.284918095687208	0.442	0.18	2.99966559138748e-05	GMPs	AHSA1
NUDC	2.54226322110392e-09	0.365765808650663	0.758	0.478	3.0456313388825e-05	GMPs	NUDC
FUS1	2.54372212860404e-09	0.290345759708955	0.967	0.77	3.04737911006764e-05	GMPs	FUS
LRRC59	3.07747974164818e-09	0.364064672275958	0.567	0.277	3.68682073049453e-05	GMPs	LRRC59
NUCKS1	3.86399311535157e-09	0.363404968959498	0.908	0.667	4.62906375219118e-05	GMPs	NUCKS1
PRPF19	4.55149613266724e-09	0.288858685625906	0.442	0.183	5.45269236693536e-05	GMPs	PRPF19
SNRNP25	4.79839718825711e-09	0.282453055136021	0.383	0.151	5.74847983153202e-05	GMPs	SNRNP25
EI24	5.69441259634774e-09	0.332831681174908	0.675	0.34	6.82190629042459e-05	GMPs	EI24
NAA50	6.445021950535e-09	0.286778674210783	0.367	0.142	7.72113629674093e-05	GMPs	NAA50
MRPS34	6.71162751111033e-09	0.339073332891509	0.6	0.304	8.04052975831018e-05	GMPs	MRPS34
MATK	7.13101964291040e-09	0.308539455766342	0.392	0.164	8.54296153220665e-05	GMPs	MATK
AK2	7.16335917969818e-09	0.330467433312827	0.592	0.309	8.58170429727842e-05	GMPs	AK2
BZW2	7.23951394766999e-09	0.315925176269918	0.767	0.442	8.67293770930865e-05	GMPs	BZW2
HSPB11	7.41811805212885e-09	0.331073122943829	0.642	0.324	8.88690542645037e-05	GMPs	HSPB11
DPP7	7.49066563742118e-09	0.333713268610465	0.858	0.545	8.97381743363058e-05	GMPs	DPP7
RIF1	7.51643644616943e-09	0.336901094467957	0.658	0.329	9.00469086251098e-05	GMPs	RIF1
ALYREF	7.58510098148599e-09	0.286154471659364	0.358	0.142	9.08695097582021e-05	GMPs	ALYREF
SERBP1	7.76920050185107e-09	0.345735250876503	0.95	0.787	9.30750220121758e-05	GMPs	SERBP1
MRPL20	8.5712007182925e-09	0.367899339595646	0.633	0.334	0.000102682984605144	GMPs	MRPL20
SOD1	9.28577957474507e-09	0.315106558343755	0.9	0.707	0.000111243639305446	GMPs	SOD1
FARSB	9.46340515020183e-09	0.26815596422715	0.258	0.087	0.000113371593699418	GMPs	FARSB
PGK1	1.00895486967139e-08	0.310107488799306	0.942	0.779	0.000120872793386633	GMPs	PGK1
ATAD2	1.00965702319739e-08	0.274118798214228	0.4	0.166	0.000120956911379048	GMPs	ATAD2
CCDC85B	1.00986310190954e-08	0.309868383310896	0.917	0.661	0.000120981599608763	GMPs	CCDC85B
EIF5B	1.06842304103696e-08	0.313704463202297	0.825	0.492	0.000127997080316228	GMPs	EIF5B
BRIX1	1.10534081361044e-08	0.255204593120035	0.467	0.2	0.000132419829470531	GMPs	BRIX1
EXOSC8	1.18207921687712e-08	0.299131309379302	0.525	0.244	0.000141613090181879	GMPs	EXOSC8
WDR18	1.19089982796298e-08	0.288844464395385	0.408	0.173	0.000142669799389965	GMPs	WDR18
MYC	1.31127990133563e-08	0.437014910470905	0.408	0.187	0.000157091332180008	GMPs	MYC
PARK7	1.33208496782175e-08	0.322997691404832	0.942	0.724	0.000159583779145046	GMPs	PARK7
NDUFS8	1.35254291885443e-08	0.342523121620875	0.775	0.431	0.000162034641678761	GMPs	NDUFS8
EIF5A	1.48828190553252e-08	0.32060206906095	0.65	0.345	0.000178296172282796	GMPs	EIF5A
GPI	1.50350311169362e-08	0.26422029799252	0.325	0.123	0.000180119672780896	GMPs	GPI
MRPL36	1.59259751086825e-08	0.268280780889487	0.467	0.203	0.000190793181802016	GMPs	MRPL36
SLBP	1.62176428205299e-08	0.315433484091017	0.633	0.333	0.000194287360989948	GMPs	SLBP
PSIP1	1.73088174828187e-08	0.330783584699056	0.75	0.436	0.000207359633444168	GMPs	PSIP1
CCT2	1.7988637081411e-08	0.299636222912942	0.842	0.614	0.000215503872235304	GMPs	CCT2
TUBA1C	1.8946661548211e-08	0.330847480859499	0.567	0.295	0.000226981005347567	GMPs	TUBA1C
SRSF7	1.95243388565822e-08	0.319751960053756	0.9	0.686	0.000233901579501855	GMPs	SRSF7
SLIRP	2.35479559107788e-08	0.406418204184931	0.725	0.447	0.00028210451181113	GMPs	SLIRP
PSMC3	2.39657964100993e-08	0.37925247143155	0.6	0.331	0.00028711024099299	GMPs	PSMC3
EEF1E1	2.65588961842303e-08	0.253363226678622	0.542	0.239	0.000318175576287079	GMPs	EEF1E1
MSH6	2.76128266479381e-08	0.324717568809983	0.383	0.163	0.000330801663242298	GMPs	MSH6
PHB	2.96339601068039e-08	0.312491439893655	0.658	0.35	0.00035501484207951	GMPs	PHB
DHX9	3.22632596617894e-08	0.299684853158094	0.692	0.383	0.000386513850748237	GMPs	DHX9
WDR43	3.29818206715021e-08	0.314322033082515	0.542	0.27	0.000395122211644595	GMPs	WDR43
PDIA3	3.59949188942718e-08	0.296192360397831	0.85	0.632	0.000431219128353376	GMPs	PDIA3
POLR2L	3.69569710134669e-08	0.369295041444727	0.767	0.523	0.000442744512741334	GMPs	POLR2L
SMC1A	3.89479318432092e-08	0.307746988898183	0.533	0.261	0.000466596223481647	GMPs	SMC1A
ILF3	4.70598805227707e-08	0.323371354637076	0.85	0.581	0.000563777368662793	GMPs	ILF3
PLEK	4.89361456096338e-08	0.380720700319805	0.775	0.482	0.000586255024403412	GMPs	PLEK
ACYP1	5.05049853118105e-08	0.26369981635845	0.483	0.218	0.00060504972403549	GMPs	ACYP1
NDUFA11	5.43237865619977e-08	0.330075833969212	0.925	0.671	0.000650798963012732	GMPs	NDUFA11
CCT3	5.6351208670434e-08	0.316056608874757	0.692	0.394	0.000675087479871799	GMPs	CCT3
VDAC1	5.65476571247088e-08	0.342047859661555	0.733	0.437	0.000677440932354011	GMPs	VDAC1
NDUFB6	5.6553892629454e-08	0.312960553895713	0.667	0.354	0.000677515633700859	GMPs	NDUFB6
CCT5	6.39582479187473e-08	0.359047611544396	0.625	0.355	0.000766219810066593	GMPs	CCT5
CALM2	6.98274999970994e-08	0.313216775966249	0.85	0.635	0.000836533449965251	GMPs	CALM2
PFDN2	7.89198054848102e-08	0.300703272548122	0.7	0.401	0.000945459269708027	GMPs	PFDN2
NDUFB2	8.66114602058504e-08	0.340293368511116	0.758	0.484	0.00103760529326609	GMPs	NDUFB2
TMEM147	8.79667050226933e-08	0.304354798641439	0.733	0.437	0.00105384112617187	GMPs	TMEM147
DUSP23	9.39014428265228e-08	0.271069898776597	0.583	0.292	0.00112493928506174	GMPs	DUSP23
POLR2H	9.40730921142345e-08	0.270009312952305	0.367	0.155	0.00112699564352853	GMPs	POLR2H
CCDC3	9.74210232175272e-08	0.278383743732559	0.45	0.21	0.00116710385814598	GMPs	CCDC3
TOMM22	1.01224433792483e-07	0.293885563581212	0.858	0.55	0.00121266871683395	GMPs	TOMM22
CBX3	1.11983625223572e-07	0.318657942930469	0.892	0.605	0.00134156383017839	GMPs	CBX3
C4orf48	1.35008658039209e-07	0.277683855385513	0.325	0.133	0.00161740372330972	GMPs	C4orf48
ENOPH1	1.42365607059149e-07	0.264680173585487	0.358	0.155	0.00170553997256861	GMPs	ENOPH1
TSR1	1.44879855713529e-07	0.274210042368988	0.292	0.116	0.00173566067144808	GMPs	TSR1
RBFA	1.47247150313822e-07	0.263611097291644	0.458	0.208	0.00176402086075959	GMPs	RBFA
TNFSF13B	1.50482428440368e-07	0.319327503418889	0.65	0.372	0.00180277949271561	GMPs	TNFSF13B
BCKDK	1.53218942089539e-07	0.258179019177323	0.458	0.207	0.00183556292623268	GMPs	BCKDK
BRCA2	1.62561793667857e-07	0.297637656205176	0.275	0.107	0.00194749028814092	GMPs	BRCA2
TXNL4A	1.68757776479523e-07	0.273220016648067	0.592	0.309	0.00202171816222468	GMPs	TXNL4A
SYNCRIP	1.74063792462835e-07	0.300221140013317	0.783	0.476	0.00208528423370476	GMPs	SYNCRIP
UBA2	1.88175814041275e-07	0.289041867244218	0.608	0.331	0.00225434625221448	GMPs	UBA2
SRP9	1.91470816254084e-07	0.322548367474215	0.817	0.55	0.00229382037872393	GMPs	SRP9
NUDT1	1.99501868434407e-07	0.302583557518075	0.725	0.449	0.0023900323838442	GMPs	NUDT1
TRAPPC6A	2.60244010209581e-07	0.319763175572818	0.575	0.291	0.00311772324231078	GMPs	TRAPPC6A
SNRPF	2.79344488807148e-07	0.271300529939416	0.892	0.724	0.00334654697590964	GMPs	SNRPF
CNBP1	3.27324759533262e-07	0.333658843718605	0.908	0.745	0.00392135061920847	GMPs	CNBP
HSP90B1	3.53368710022949e-07	0.38948573383339	0.858	0.646	0.00423335714607493	GMPs	HSP90B1
NUTF2	3.71434774830207e-07	0.318822736289695	0.683	0.395	0.00444978860246588	GMPs	NUTF2
AHCY	3.91550495028482e-07	0.271834404862452	0.458	0.23	0.00469077493044121	GMPs	AHCY
RBBP7	4.11430750809046e-07	0.251245130761321	0.675	0.378	0.00492894039469237	GMPs	RBBP7
SSRP1	4.64992073042278e-07	0.260249038272517	0.567	0.288	0.00557060503504649	GMPs	SSRP1
MRPL4	4.99138736025481e-07	0.280455940081996	0.442	0.209	0.00597968205758526	GMPs	MRPL4
GAMT	5.19395521469701e-07	0.276239458930822	0.542	0.266	0.00622235834720701	GMPs	GAMT
NOL12	5.41360363290977e-07	0.287500763696179	0.467	0.238	0.00648549715222591	GMPs	NOL12
PSMD14	5.95423718196925e-07	0.255108373641584	0.525	0.257	0.00713317614399916	GMPs	PSMD14
NCBP2-AS2	5.97494706055882e-07	0.272191311595613	0.542	0.289	0.00715798657854947	GMPs	NCBP2-AS2
HNRNPF	6.13087624654667e-07	0.316132278731188	0.767	0.496	0.00734478974336291	GMPs	HNRNPF
CACYBP	6.13217852616419e-07	0.343729130355023	0.667	0.42	0.0073463498743447	GMPs	CACYBP
EIF3B	6.33976165792216e-07	0.251532189208421	0.558	0.288	0.00759503446619075	GMPs	EIF3B
TMEM14B	7.46432088320516e-07	0.316913547591059	0.808	0.527	0.00894225641807979	GMPs	TMEM14B
TMEM160	7.59434454523459e-07	0.288057784133714	0.733	0.424	0.00909802476519104	GMPs	TMEM160
RAD23A	8.69285586265951e-07	0.254929082882005	0.8	0.534	0.0104140413234661	GMPs	RAD23A
CALM3	9.40988279589887e-07	0.257827872819174	0.792	0.501	0.0112730395894868	GMPs	CALM3
YWHAH	9.98418931625346e-07	0.253943061462417	0.717	0.431	0.0119610588008717	GMPs	YWHAH
ACAT2	1.04857424504824e-06	0.319533766533421	0.4	0.195	0.0125619194556779	GMPs	ACAT2
LAP3	1.35379140276952e-06	0.262101971322321	0.567	0.308	0.0162184210051789	GMPs	LAP3
LSM3	1.36161548720891e-06	0.259030888911766	0.817	0.608	0.0163121535367627	GMPs	LSM3
NDUFA2	1.36703301433761e-06	0.278644595048234	0.8	0.5	0.0163770555117646	GMPs	NDUFA2
NDUFB7	1.43899626573283e-06	0.299021039661021	0.792	0.531	0.0172391752634793	GMPs	NDUFB7
BSG	1.62143262443321e-06	0.264177272884897	0.867	0.605	0.0194247628407099	GMPs	BSG
TCP1	1.85840256907291e-06	0.25072854587188	0.792	0.518	0.0222636627774935	GMPs	TCP1
NDUFA6	2.07172103386363e-06	0.262798720226661	0.5	0.257	0.0248192179856862	GMPs	NDUFA6
COPS3	2.13060672989199e-06	0.267652604156376	0.525	0.284	0.025524668624106	GMPs	COPS3
LAGE3	2.24775163068078e-06	0.256495090216894	0.583	0.303	0.0269280645355558	GMPs	LAGE3
GPX4	2.41138468446164e-06	0.257111520302407	0.95	0.754	0.0288883885198504	GMPs	GPX4
LST1	2.42990410155232e-06	0.318080732783949	0.442	0.239	0.0291102511365968	GMPs	LST1
VBP1	2.47747418015927e-06	0.264208038643302	0.517	0.268	0.0296801406783081	GMPs	VBP1
ATP1B3	2.70454100530947e-06	0.268515838647126	0.8	0.537	0.0324004012436074	GMPs	ATP1B3
LARS	3.06198334607269e-06	0.270416393039546	0.675	0.42	0.0366825604859508	GMPs	LARS
LSM6	3.79042071068456e-06	0.255218411250967	0.508	0.263	0.0454092401140011	GMPs	LSM6
DCXR	3.80332672412109e-06	0.282072444123807	0.442	0.231	0.0455638541549706	GMPs	DCXR
TRMT10C	3.92259481302471e-06	0.280502895411514	0.517	0.275	0.046992685860036	GMPs	TRMT10C
PNP	4.13750753717094e-06	0.272633879926837	0.4	0.198	0.0495673402953079	GMPs	PNP
TIMM8B	4.29552597281754e-06	0.338028372963643	0.758	0.494	0.0514604011543541	GMPs	TIMM8B
PSMB2	4.32361503904293e-06	0.276249366435171	0.683	0.395	0.0517969081677343	GMPs	PSMB2
PRMT1	4.35469438202117e-06	0.292128360081167	0.633	0.39	0.0521692386966137	GMPs	PRMT1
PTGES3	4.38080866062307e-06	0.270165941970036	0.917	0.697	0.0524820877542644	GMPs	PTGES3
UBE2N	4.53548744653946e-06	0.260459491083752	0.658	0.404	0.0543351396095427	GMPs	UBE2N
PSMB3	4.71977900665587e-06	0.253361547060953	0.817	0.569	0.0565429524997374	GMPs	PSMB3
MARCKSL11	8.85218463242442e-06	0.250856015415156	0.417	0.213	0.106049171896445	GMPs	MARCKSL1
MLEC	8.87153360684315e-06	0.282399660010318	0.692	0.428	0.106280972609981	GMPs	MLEC
TMA16	1.04732240124793e-05	0.251738003103655	0.417	0.218	0.125469223669502	GMPs	TMA16
CNPY2	1.05106097512449e-05	0.27030247289854	0.667	0.402	0.125917104819914	GMPs	CNPY2
DDT	1.14671944756755e-05	0.274685464548902	0.858	0.591	0.137376989818593	GMPs	DDT
ARHGDIA	1.31076773701366e-05	0.262324167033968	0.808	0.592	0.157029974894237	GMPs	ARHGDIA
PSMD7	1.36313507044731e-05	0.251870493876347	0.6	0.344	0.163303581439588	GMPs	PSMD7
NDUFA3	1.53682930424883e-05	0.250987334595466	0.767	0.465	0.18411215064901	GMPs	NDUFA3
KARS	1.57757193511626e-05	0.270142326624362	0.658	0.415	0.188993117826927	GMPs	KARS
PTBP1	1.82106863967517e-05	0.258527587634554	0.583	0.338	0.218164023033085	GMPs	PTBP1
MT2A	1.84729672281833e-05	0.271348712693868	0.592	0.374	0.221306147393636	GMPs	MT2A
G3BP1	1.95188008604353e-05	0.250205770660786	0.525	0.307	0.233835234308015	GMPs	G3BP1
ABCE1	2.07284948772634e-05	0.268787226054336	0.625	0.37	0.248327368629616	GMPs	ABCE1
MEA1	2.13421244628873e-05	0.281776642181964	0.433	0.243	0.25567865106539	GMPs	MEA1
TMEM107	2.30305438339413e-05	0.251088394830486	0.517	0.288	0.275905915130617	GMPs	TMEM107
HSPA5	3.52120913728652e-05	0.275417699968408	0.783	0.609	0.421840854646925	GMPs	HSPA5
TIMM13	3.83949019132338e-05	0.286137732033042	0.8	0.567	0.459970924920541	GMPs	TIMM13
PSMB6	5.64161029891678e-05	0.255580784550365	0.733	0.515	0.67586491381023	GMPs	PSMB6
HSPA9	7.24299955964849e-05	0.267964451459062	0.592	0.388	0.867711347245889	GMPs	HSPA9
PSMA5	9.59644719498919e-05	0.255764894843254	0.7	0.456	1	GMPs	PSMA5
CAT	0.000821084443680135	0.254946015594005	0.817	0.719	1	GMPs	CAT
MPO	0.002630735630414	0.345926289939029	0.325	0.205	1	GMPs	MPO
ZFAS1	4.4951072097647e-28	0.658233319892229	0.969	0.962	5.38513843729811e-24	HSCs	ZFAS1
CD44	2.09240195430938e-13	0.429648227541832	0.975	0.947	2.50669754126263e-09	HSCs	CD44
H1F0	3.08857741804836e-13	0.821346101340269	0.703	0.504	3.70011574682194e-09	HSCs	H1F0
SRSF5	8.77536335497146e-13	0.307192229909276	0.977	0.985	1.05128852992558e-08	HSCs	SRSF5
KLF6	9.28658756842674e-13	0.312893876160416	0.999	0.992	1.11253319069752e-08	HSCs	KLF6
MYADM	9.47772803744815e-13	0.554067896617966	0.883	0.789	1.13543181888629e-08	HSCs	MYADM
ACTG1	3.34139740699381e-11	0.267652150872158	0.994	0.985	4.00299409357859e-07	HSCs	ACTG1
TSC22D1	1.23124619426191e-10	0.628171173771048	0.724	0.549	1.47503294072576e-06	HSCs	TSC22D1
RCSD1	1.72536978767449e-10	0.549315891995681	0.76	0.639	2.06699300563403e-06	HSCs	RCSD1
HSD17B11	2.08345041397041e-10	0.533674381239532	0.707	0.617	2.49597359593655e-06	HSCs	HSD17B11
CCNI	7.8259764622688e-10	0.259811399722747	0.968	0.962	9.37551980179802e-06	HSCs	CCNI
YPEL5	1.40914504340109e-09	0.390228964133875	0.868	0.782	1.6881557619945e-05	HSCs	YPEL5
C6orf48	2.48452440401947e-09	0.392307321365457	0.889	0.88	2.97646023601532e-05	HSCs	C6orf48
SNHG7	3.31768047841763e-09	0.463112440688141	0.779	0.737	3.97458121314432e-05	HSCs	SNHG7
TKT	4.93645091765927e-09	0.384850295030528	0.884	0.865	5.9138681993558e-05	HSCs	TKT
KLF2	5.01872734511673e-09	0.503187693924428	0.889	0.887	6.01243535944984e-05	HSCs	KLF2
TSC22D3	9.22259795107357e-09	0.342931341332825	0.947	0.955	0.000110486723453861	HSCs	TSC22D3
PLP2	1.08126050924149e-08	0.363554053111583	0.908	0.865	0.00012953500900713	HSCs	PLP2
LRRFIP1	2.15100462976767e-08	0.370071996793144	0.871	0.82	0.000257690354646167	HSCs	LRRFIP1
HIST1H2BK	3.49069836554698e-08	0.509038583901329	0.542	0.368	0.000418185664192528	HSCs	HIST1H2BK
ANKRD28	4.91903336272273e-08	0.388453737784554	0.957	0.887	0.000589300196854183	HSCs	ANKRD28
UBC	5.92837977680026e-08	0.25585107008737	0.964	0.985	0.000710219897260671	HSCs	UBC
NEAT1	9.58157113678336e-08	0.401315951207058	0.96	0.955	0.00114787222218665	HSCs	NEAT1
SERPINB1	1.64129624552448e-07	0.319179731127345	0.942	0.932	0.00196627290213833	HSCs	SERPINB1
IGBP1	2.11233688209814e-07	0.392945162689904	0.617	0.496	0.00253057958475357	HSCs	IGBP1
PNISR	2.64571450901272e-07	0.28575870487979	0.941	0.955	0.00316956598179724	HSCs	PNISR
IDS	2.87169953688079e-07	0.410777133502668	0.836	0.797	0.00344029604518319	HSCs	IDS
H3F3B	4.01164916737631e-07	0.307719274434197	0.999	1	0.00480595570251681	HSCs	H3F3B
HOTAIRM1	4.32146311952111e-07	0.46758396057379	0.452	0.263	0.00517711281718629	HSCs	HOTAIRM1
N4BP2L2	7.05594251568878e-07	0.390836804308565	0.764	0.737	0.00845301913379516	HSCs	N4BP2L2
CD99	7.73396712047164e-07	0.335646767176764	0.973	0.91	0.00926529261032503	HSCs	CD99
ACAP1	8.68491290197399e-07	0.416434287575921	0.654	0.564	0.0104045256565648	HSCs	ACAP1
DDAH2	9.596572315381e-07	0.369221491256441	0.776	0.744	0.0114966936338264	HSCs	DDAH2
CDKN2D	1.07085586681744e-06	0.509232257998728	0.411	0.241	0.0128288532844729	HSCs	CDKN2D
MBOAT7	1.43689936314388e-06	0.412313764827258	0.667	0.632	0.0172140543704637	HSCs	MBOAT7
IL3RA	2.78635484254301e-06	0.469646134957944	0.37	0.203	0.0333805310136652	HSCs	IL3RA
HIST1H1C	3.02076584414123e-06	0.43941576920947	0.794	0.737	0.0361887748128119	HSCs	HIST1H1C
HIST1H2AC	3.09518689945915e-06	0.557013569491616	0.31	0.135	0.0370803390555207	HSCs	HIST1H2AC
IL18	4.58563834178794e-06	0.395731140102494	0.586	0.481	0.0549359473346195	HSCs	IL18
RAB13	5.46206544878464e-06	0.37732182012503	0.727	0.692	0.0654355440764399	HSCs	RAB13
LAPTM51	7.81440824595184e-06	0.282703243063635	0.872	0.865	0.093616610786503	HSCs	LAPTM5
SYF2	8.76300587070186e-06	0.342593848110484	0.751	0.752	0.104980810331008	HSCs	SYF2
SSBP2	9.17650982376298e-06	0.393097375716138	0.549	0.451	0.109934587688681	HSCs	SSBP2
ARPP21	1.11382499568627e-05	0.484591504702491	0.402	0.263	0.133436234483215	HSCs	ARPP21
RNF24	1.29054153783007e-05	0.462876552112715	0.494	0.376	0.154606876232043	HSCs	RNF24
VIM	1.33123331708598e-05	0.353569805649009	0.985	0.977	0.159481751386901	HSCs	VIM
ORAI3	1.55805179801472e-05	0.439374607581821	0.414	0.293	0.186654605402164	HSCs	ORAI3
DNAJC1	1.69575284652848e-05	0.391767721605864	0.71	0.662	0.203151191014112	HSCs	DNAJC1
HOPX	1.77386919051979e-05	0.351790927870962	0.797	0.714	0.212509529024271	HSCs	HOPX
CYTH4	1.95181237943158e-05	0.44005826603298	0.45	0.316	0.233827123055904	HSCs	CYTH4
TFPI	2.33728439223895e-05	0.504500747018164	0.425	0.323	0.280006670190226	HSCs	TFPI
EIF3M	2.92509248652356e-05	0.289353212057916	0.758	0.737	0.350426079885522	HSCs	EIF3M
P2RX1	3.05246628373341e-05	0.432120584132199	0.362	0.218	0.365685460791263	HSCs	P2RX1
AKR1C3	3.11180841080906e-05	0.385915172358765	0.362	0.203	0.372794647614925	HSCs	AKR1C3
WASF2	3.42611202450867e-05	0.321505224332444	0.749	0.767	0.410448220536139	HSCs	WASF2
TMEM173	3.522428898692e-05	0.313393651937302	0.742	0.722	0.421986982063302	HSCs	TMEM173
YPEL3	3.80738262853398e-05	0.373670312106129	0.47	0.331	0.456124438898371	HSCs	YPEL3
POLR1D	4.51540885329161e-05	0.262929523692019	0.811	0.842	0.540945980624335	HSCs	POLR1D
PRKCB	6.11625612934917e-05	0.341273286492085	0.692	0.639	0.73272748429603	HSCs	PRKCB
ZNF581	8.21483128813448e-05	0.372233119955728	0.41	0.278	0.984136788318511	HSCs	ZNF581
KDELR1	8.77740635900782e-05	0.3083958249946	0.593	0.534	1	HSCs	KDELR1
PLIN3	0.000100582485166541	0.361483042735264	0.62	0.571	1	HSCs	PLIN3
RAB37	0.000127226287365911	0.380526037180871	0.509	0.444	1	HSCs	RAB37
CHD9	0.000145266003956179	0.320562638074001	0.654	0.624	1	HSCs	CHD9
ARHGAP30	0.000152889367662541	0.328829782242633	0.537	0.429	1	HSCs	ARHGAP30
HIST2H2BE	0.000192567259405813	0.457591237169883	0.384	0.278	1	HSCs	HIST2H2BE
BAZ2B	0.000197360521302224	0.397100267669491	0.549	0.519	1	HSCs	BAZ2B
IGF2BP2	0.000217800288353396	0.361055522738725	0.601	0.556	1	HSCs	IGF2BP2
AHNAK	0.000220752809538517	0.37887596912658	0.666	0.662	1	HSCs	AHNAK
TPGS1	0.000334786000038365	0.372044178716971	0.365	0.263	1	HSCs	TPGS1
TYROBP	0.000338366708724516	0.310798983830228	0.726	0.662	1	HSCs	TYROBP
ITSN2	0.000341068917279535	0.31619888598202	0.557	0.519	1	HSCs	ITSN2
STK17B	0.000345669192179082	0.288901012771902	0.782	0.722	1	HSCs	STK17B
RABAC1	0.000393582601619995	0.339920895016531	0.54	0.451	1	HSCs	RABAC1
CREBRF	0.000435109220924461	0.34910251760672	0.355	0.241	1	HSCs	CREBRF
MAP1A	0.000541130461347375	0.343763181641942	0.57	0.541	1	HSCs	MAP1A
C8orf59	0.000552241533443084	0.280410838716123	0.679	0.669	1	HSCs	C8orf59
ROCK1	0.000578431334433601	0.257516073924427	0.731	0.707	1	HSCs	ROCK1
DOCK8	0.000640261258605962	0.339368294547685	0.52	0.466	1	HSCs	DOCK8
RAB11FIP1	0.000681104734736295	0.376474249841546	0.472	0.421	1	HSCs	RAB11FIP1
CAST	0.00078393128773801	0.33754302268778	0.589	0.594	1	HSCs	CAST
LUC7L3	0.000847665240744506	0.301014269780807	0.768	0.82	1	HSCs	LUC7L3
FLI1	0.000874283858329406	0.290655293857841	0.601	0.602	1	HSCs	FLI1
MARCH1	0.000881237976712319	0.437869049517996	0.29	0.188	1	HSCs	MARCH1
FOXP1	0.000891462203135088	0.272433251078603	0.664	0.684	1	HSCs	FOXP1
CTSS	0.000981915274437064	0.294030939839237	0.666	0.602	1	HSCs	CTSS
HMGN3	0.000990229452033298	0.31139352507338	0.867	0.887	1	HSCs	HMGN3
EMP3	0.00101538212096921	0.325981921736485	0.802	0.774	1	HSCs	EMP3
BCL11A	0.00116154111438057	0.319350198944324	0.67	0.609	1	HSCs	BCL11A
BCL7A	0.00127610169283404	0.342316814506662	0.47	0.429	1	HSCs	BCL7A
DCP2	0.00152294916099115	0.288069271157136	0.332	0.241	1	HSCs	DCP2
UBE2B	0.00197295778146445	0.292063085811674	0.537	0.511	1	HSCs	UBE2B
DHRS7	0.00208903677252599	0.277460335235718	0.619	0.594	1	HSCs	DHRS7
NUP214	0.00211986528429865	0.364006373603545	0.473	0.421	1	HSCs	NUP214
RNF11	0.0022255515955337	0.29573763649237	0.379	0.301	1	HSCs	RNF11
HADHA	0.00223208893451042	0.256524678159098	0.656	0.692	1	HSCs	HADHA
TAF1D	0.00228718705461717	0.275583915298352	0.767	0.729	1	HSCs	TAF1D
FLT3	0.00265212557456126	0.253158459813893	0.677	0.707	1	HSCs	FLT3
ADAM28	0.00272682096069846	0.331041638663359	0.358	0.278	1	HSCs	ADAM28
PCMTD1	0.00278495998373516	0.306252270940015	0.391	0.316	1	HSCs	PCMTD1
TRAF5	0.00287425523527581	0.360760335133641	0.259	0.18	1	HSCs	TRAF5
MSI2	0.00289429524193881	0.27763298101049	0.603	0.541	1	HSCs	MSI2
NCOA4	0.00289447744222114	0.276201303550971	0.614	0.624	1	HSCs	NCOA4
BIRC2	0.00294667454268343	0.338640251063472	0.351	0.263	1	HSCs	BIRC2
SUN2	0.00296575102992686	0.276642306124077	0.484	0.436	1	HSCs	SUN2
BTK	0.00308140326787991	0.299968003722436	0.4	0.316	1	HSCs	BTK
DPYSL3	0.00311183614324683	0.340201225825831	0.301	0.203	1	HSCs	DPYSL3
SPON2	0.00353574110525187	0.292062871706279	0.428	0.383	1	HSCs	SPON2
GATA2	0.00375886337329121	0.373752297240502	0.32	0.241	1	HSCs	GATA2
EVI2B	0.00389055107209688	0.271635494686153	0.523	0.466	1	HSCs	EVI2B
WSB1	0.0039338261154844	0.253917030809024	0.548	0.511	1	HSCs	WSB1
RASAL3	0.00399803019312658	0.276849403268655	0.297	0.195	1	HSCs	RASAL3
LEPROT	0.0040659942111515	0.288364248701105	0.502	0.496	1	HSCs	LEPROT
DNTT	0.00420364133249778	0.526007164622215	0.475	0.391	1	HSCs	DNTT
TPSAB1	0.00452549773528267	0.310264860020549	0.598	0.541	1	HSCs	TPSAB1
NIPBL	0.00459476999161486	0.270785318479998	0.534	0.489	1	HSCs	NIPBL
POLR3GL	0.00465742311044169	0.257420746422419	0.33	0.226	1	HSCs	POLR3GL
CD69	0.0050408713514359	0.301107303777999	0.87	0.895	1	HSCs	CD69
SDCBP	0.005104937694874	0.286441540975865	0.463	0.429	1	HSCs	SDCBP
JMJD1C	0.00518833814650403	0.258444587595779	0.686	0.692	1	HSCs	JMJD1C
ADAM17	0.00537722242960218	0.282601735380113	0.402	0.316	1	HSCs	ADAM17
FXR1	0.00539722755959601	0.26914546999326	0.569	0.564	1	HSCs	FXR1
CELF2	0.00605539890167932	0.27799494321784	0.655	0.722	1	HSCs	CELF2
FCER1G	0.00648174807456762	0.291646301930599	0.355	0.293	1	HSCs	FCER1G
CYTH2	0.0065064032431237	0.293278308906054	0.407	0.353	1	HSCs	CYTH2
HBB	0.00662023528580122	0.94261322177082	0.199	0.331	1	HSCs	HBB
ITM2A	0.00673584692730748	0.257177438092477	0.604	0.579	1	HSCs	ITM2A
COBLL1	0.0071991785772892	0.321203242369976	0.388	0.308	1	HSCs	COBLL1
MEF2C	0.0081343984522672	0.287761342605368	0.596	0.564	1	HSCs	MEF2C
ARHGAP25	0.00819550168881631	0.283720796622855	0.318	0.241	1	HSCs	ARHGAP25
OS9	0.00839216409267847	0.273315920529643	0.481	0.444	1	HSCs	OS9
TNRC6B	0.00860768930015673	0.260138804259224	0.63	0.669	1	HSCs	TNRC6B
GAPT	0.00861269173134279	0.268437682340781	0.39	0.338	1	HSCs	GAPT
UPF2	0.00862234725272269	0.258592056466844	0.561	0.549	1	HSCs	UPF2
EVI2A	0.00874116400151819	0.281433107837686	0.252	0.173	1	HSCs	EVI2A
SSH2	0.00908910046106445	0.290854716339826	0.316	0.256	1	HSCs	SSH2
SMIM20	0.00946244671097495	0.267712549301352	0.258	0.188	1	HSCs	SMIM20
CDS2	0.00956425423262543	0.305565517714568	0.35	0.308	1	HSCs	CDS2
HIST2H2AA3	0.00992153283923844	0.316191720860275	0.613	0.617	1	HSCs	HIST2H2AA3
